Organization Name,Events URL
Center for Strategic and International Studies,https://www.csis.org/events
Carnegie Endowment for International Peace,https://carnegieendowment.org/events
Heritage Foundation,http://www.heritage.org/events
Peterson Institute for International Economics (PIIE),https://piie.com/events
Urban Institute,https://www.urban.org/events
Woodrow Wilson International Center for Scholars,https://www.wilsoncenter.org/events
Center for American Progress (CAP),https://www.americanprogress.org/events/
Atlantic Council,https://www.atlanticcouncil.org/events/
RAND Corporation,https://www.rand.org/events.html
Hudson Institute,https://www.hudson.org/events
Council on Foreign Relations (CFR),https://www.cfr.org/events
Belfer Center for Science and International Affairs,https://www.belfercenter.org/events
Cato Institute,https://www.cato.org/events
Center for New American Security (CNAS),https://www.cnas.org:443/events
American Enterprise Institute for Public Policy Research (AEI) -- United States,https://www.aei.org/events/
James A. Baker III Institute for Public Policy,https://www.bakerinstitute.org/events
Stimson Center,https://www.stimson.org/events/
Resources for the Future (RFF),https://www.rff.org/events/
Freedom House,https://freedomhouse.org/events
German Marshall Fund of the United States (GMF),https://www.gmfus.org/events
Hoover Institution,https://www.hoover.org/events
World Resources Institute (WRI),https://www.wri.org/events
National Bureau of Economic Research,https://www.nber.org/programs-projects/projects-and-centers/retirement-and-disability-research-center/rdrc-events
Inter-American Dialogue,https://thedialogue.org/events
Information Technology and Innovation Foundation (ITIF),https://itif.org/events/
Center for Global Development (CGD),http://www.cgdev.org/section/events
Chicago Council on Global Affairs,https://globalaffairs.org/events
Acton Institute for Study of Religion and Liberty,https://www.acton.org/events
Manhattan Institute for Policy Research (MI),https://manhattan.institute/events
Economic Policy Institute (EPI),https://www.epi.org/events/
National Bureau of Asian Research (NBR),https://www.nbr.org/event-listing/
Mercatus Center,https://www.mercatus.org/events
Migration Policy Institute (MPI),https://www.migrationpolicy.org/events
Independent Institute,https://www.independent.org/news/events/
Center for Climate and Energy Solutions (C2ES),https://www.c2es.org/events/
Middle East Institute (MEI),https://mei.edu/events/
Center for the National Interest (CFTNI),https://cftni.org/events/
Aspen Institute,https://www.aspeninstitute.org/events/
Joint Center for Political and Economic Studies,https://jointcenter.org/tag/events/
Foreign Policy Research Institute (FPRI),https://www.fpri.org/events/
Atlas Network,https://www.atlasnetwork.org/events
Institute for Policy Studies (IPS),https://www.ips-dc.org/events/
Milken Institute,https://milkeninstitute.org/events
International Food Policy Research Institute (IFPRI),http://www.ifpri.org/events
Center for European Policy Analysis (CEPA),https://cepa.org/events/
Center for Strategic and Budgetary Assessments (CSBA),https://csbaonline.org/events
McCain Institute for International Leadership,https://www.mccaininstitute.org/resources/events/
Hispanic American Center for Economic Research (HACER),http://www.hacer.org/category/old-history/events/
Open Society Foundations (OSF),https://www.opensocietyfoundations.org/events
Competitive Enterprise Institute (CEI),https://cei.org/events/
Institute for Women's Policy Research (IWPR),https://iwpr.org/events/
Arctic Institute,https://www.thearcticinstitute.org/events/
R Street Institute,https://www.rstreet.org/events/
Center for International Security and Arms Control (CISAC),https://cisac.fsi.stanford.edu/events
Lugar Center,https://www.thelugarcenter.org/events.html
Institute for New Economic Thinking,https://www.ineteconomics.org/events
Berggruen Institute,https://berggruen.org/events.html
Congressional Research Service,https://www.loc.gov/events
Africa Center for Strategic Studies,https://africacenter.org/events/
Project for the Study of the 21st Century (PS21),https://projects21.org/category/events/
Institute of Religion and Democracy (IRD),https://theird.org/events/
Mackinac Center,https://www.mackinac.org/events
Washington Center for Equitable Growth,https://equitablegrowth.org/engage/attend-an-event/
Public Policy Institute of California,https://www.ppic.org/events/
Goldwater Institute,https://www.goldwaterinstitute.org/events/
Roosevelt Institute,https://rooseveltinstitute.org/events/
Institute for the Study of War (ISR),https://understandingwar.org/map/events-around-the-south-china-sea-december-19-january-2/
Pacific Council on International Policy,https://www.pacificcouncil.org/activities
Center for International Development (CID),http://www.cid.harvard.edu/more/events?f%5B0%5D=event_department%3A32535
Pacific Forum,https://pacforum.org/events/
Beacon Hill Institute,http://beaconhill.org/events
American Foreign Policy Council,https://www.afpc.org/news/events/statement-before-the-commission-on-security-and-cooperation-in-europe-irans-support-for-russia-and-lessons-learned-from-ukraine
J Street,https://jstreet.org/events-calendar/
Federation for American Immigration Reform,https://www.fairus.org/issue/americas-most-unwanted-bidens-migrant-crime-wave-shows-open-borders-bring-preventable-crime
Free Peoples of Russia House,https://www.eventbrite.com/o/free-peoples-of-russia-house-110002709301
International Conference Alerts,https://internationalconferencealerts.com/upcoming-conferences.php
IPFRI and Mercy Corps,https://www.ifpri.org/partnership/mercy-corps/
Brookings Institution,https://www.brookings.edu/events/
Embassy of Algeria,https://embwashington.mfa.gov.dz/en/embassys-activities
Embassy of Austria,https://www.acfdc.org/events
National Press Club,https://www.press.org/events/event-calendar
Center for Disaster Philanthropy,https://disasterphilanthropy.org/events/
ACLU,https://www.acludc.org/events/
Capital Area Food Bank,https://www.capitalareafoodbank.org/upcoming/
GW Program on Extremism,https://extremism.gwu.edu/events
Arab Center,https://arabcenterdc.org/events/
